EmployeeID,Name,Age,Gender,Department,Salary,JoinDate,City,PerformanceRating
EMP1053,Emily Iqbal,41,Female,IT,48136,2017-04-13,Karachi,3.8
EMP1061,Mariam Ali,56,Male,R&D,121680,2019-06-06,Lahore,4.1
EMP1026,Bilal Iqbal,49,Female,Support,121303,2023-11-23,Rawalpindi,1.6
EMP1092,David Rehman,41,Female,,67072,2019-10-19,Rawalpindi,
EMP1001,Chris Ali,21,Female,,,2017-12-04,Lahore,3.4
EMP1058,Hina Malik,49,Male,Sales,64099,2021-06-07,Rawalpindi,
EMP1116,James Qureshi,25,Male,Sales,36629,2020-04-05,Peshawar,1.3
EMP1032,James Anderson,,Male,,116951,2016-03-09,Lahore,4.6
EMP1022,Hina Johnson,,Female,R&D,143224,2015-11-21,Lahore,1.2
EMP1008,Fatima Anderson,35,Male,R&D,79735,,Peshawar,3.7
EMP1041,Ali Iqbal,42,Female,Operations,33617,2016-05-06,Multan,1.2
EMP1056,James Rehman,54,Male,R&D,58760,2019-07-16,,2.6
EMP1115,Emma Johnson,26,Female,Operations,37936,2021-05-07,Lahore,
EMP1021,Robert Taylor,56,Female,Finance,132841,2022-07-07,Lahore,1.4
EMP1023,Sana Brown,26,Male,Finance,54931,,Faisalabad,1.7
EMP1097,Rabia Iqbal,,Female,IT,141642,2020-11-28,Faisalabad,4.8
EMP1004,Omar Iqbal,29,Male,Operations,43396,2016-07-04,Quetta,
EMP1114,Chris Ali,51,Female,Marketing,34288,2020-04-15,Rawalpindi,4.8
EMP1059,Adeel Chaudhry,37,Female,Marketing,139433,2016-08-01,Islamabad,5.0
EMP1107,Jane Taylor,43,Male,IT,149226,2019-06-24,Faisalabad,1.7
EMP1002,Jane Khan,25,Male,Finance,96237,2024-01-18,Peshawar,3.9
EMP1081,James Malik,24,Male,HR,133891,2019-10-24,Multan,2.8
EMP1100,Aisha Johnson,43,Female,HR,62007,2023-07-19,Karachi,1.7
EMP1069,Adeel Sheikh,50,Female,R&D,133931,2015-02-10,Peshawar,2.6
EMP1007,James Johnson,30,Female,Operations,57460,2025-05-23,Lahore,3.4
EMP1006,Tom Ahmed,22,Male,Marketing,40458,,Multan,2.8
EMP1014,Sana Iqbal,52,Male,IT,144100,2025-05-27,Peshawar,1.6
EMP1034,Emma Iqbal,52,Female,Marketing,148664,,Faisalabad,4.3
EMP1064,Ali Farooq,41,Male,Support,137784,2022-02-14,Quetta,3.5
EMP1036,Sara Ahmed,29,Male,,106350,2023-03-14,Karachi,1.2
EMP1062,Fatima Hussain,26,Male,Marketing,,2025-07-13,Peshawar,1.3
EMP1101,,44,Male,R&D,149646,2024-03-08,Rawalpindi,3.6
EMP1030,Bilal Malik,39,Female,Operations,128548,2016-01-15,Lahore,1.3
EMP1042,Laura Rehman,42,Female,Support,109457,2023-02-13,Peshawar,2.0
EMP1048,Ahmed Khan,22,Male,,110120,2016-08-14,Peshawar,
EMP1118,Ahmed Malik,54,Female,HR,44408,2025-01-05,Islamabad,2.4
EMP1031,Michael Farooq,36,Male,Operations,,2016-04-12,Multan,1.6
EMP1071,,39,Female,Finance,45814,2018-06-04,Karachi,1.8
EMP1046,Kevin Siddiqui,40,Female,R&D,87954,2025-04-17,Rawalpindi,4.2
EMP1035,Jane Khan,41,Male,Marketing,51178,2022-09-23,Faisalabad,3.2
EMP1015,Adeel Butt,54,Male,Operations,94042,2015-02-12,Multan,2.0
EMP1057,Nadia Chaudhry,,,HR,111560,2023-01-13,Islamabad,1.3
EMP1105,Nadia Smith,58,Female,,131677,2018-10-26,,1.9
EMP1102,Usman Iqbal,,Female,Marketing,118815,2023-03-03,Rawalpindi,4.8
EMP1099,Hina Ali,60,Male,R&D,51805,,Quetta,4.2
EMP1016,Emily Taylor,25,Male,R&D,136957,2016-09-25,,1.5
EMP1067,Kevin Siddiqui,44,,Sales,94789,2020-03-16,Peshawar,2.4
EMP1111,Mariam Khan,59,Female,Finance,114889,2016-11-27,Rawalpindi,4.6
EMP1027,Aisha Raza,23,Male,Operations,37492,2015-10-16,Karachi,1.2
EMP1081,James Malik,24,Male,HR,133891,2019-10-24,Multan,2.8
EMP1073,John Anderson,28,Female,Sales,37146,2023-05-23,Karachi,3.6
EMP1080,Emily Iqbal,60,Male,Support,45043,2023-04-21,Karachi,4.6
EMP1060,Zainab Sheikh,24,Male,Sales,62411,2018-01-20,,2.0
EMP1052,Adeel Sheikh,60,Female,R&D,112149,2018-05-15,Lahore,3.9
EMP1079,Usman Siddiqui,50,Female,Sales,60340,2019-12-10,Rawalpindi,1.3
EMP1117,Adeel Anderson,33,Male,Finance,73064,2017-10-01,Multan,4.4
EMP1104,Bilal Taylor,42,Female,Marketing,32875,2025-07-09,Islamabad,3.3
EMP1054,,46,Female,R&D,84496,,Faisalabad,2.6
EMP1088,Adeel Smith,33,Female,,67752,2022-12-16,,1.1
EMP1095,Rabia Chaudhry,44,Male,R&D,34852,,,4.5
EMP1070,Emily Hussain,57,Female,R&D,102544,2023-06-14,Quetta,2.4
EMP1074,Adeel Baig,26,Male,Marketing,91524,2022-08-11,Karachi,4.9
EMP1039,Hina Sheikh,37,Male,IT,80140,2015-08-08,Peshawar,4.3
EMP1089,Chris Siddiqui,,,Marketing,102199,2015-09-14,Lahore,1.9
EMP1076,Rabia Taylor,39,Male,Finance,45525,2023-07-20,Peshawar,4.1
EMP1005,Laura Iqbal,22,Female,IT,79615,2016-09-10,Quetta,3.3
EMP1065,James Qureshi,29,Female,HR,126180,2023-11-09,Rawalpindi,2.9
EMP1120,,50,Female,Operations,97271,2024-02-15,Peshawar,4.8
EMP1038,Sana Malik,35,Male,HR,145528,2021-01-06,Quetta,4.1
EMP1010,Mariam Chaudhry,49,Male,Marketing,48301,2018-12-18,Multan,4.0
EMP1113,Ayesha Malik,,Female,Operations,117881,2023-07-19,Karachi,4.5
EMP1018,Bilal Johnson,48,Female,IT,62493,,Islamabad,3.4
EMP1029,Jane Siddiqui,25,Female,Operations,64179,2018-11-23,,
EMP1025,Layla Sheikh,30,Female,R&D,93092,2018-07-02,Karachi,2.5
EMP1063,Tom Sheikh,26,Female,IT,134363,2024-01-12,Faisalabad,3.6
EMP1044,Sara Hussain,52,,Support,,2021-12-10,Karachi,1.8
EMP1028,Hassan Ahmed,31,Male,IT,118501,2018-07-04,,3.3
EMP1024,Usman Sheikh,24,Female,IT,36630,2025-09-27,Islamabad,4.9
EMP1094,Tom Sheikh,56,Female,Finance,142199,2021-01-11,Rawalpindi,3.8
EMP1082,Usman Hussain,45,Female,R&D,87377,2016-10-02,Faisalabad,3.9
EMP1003,Tom Anderson,46,Male,R&D,107236,2019-01-25,,3.8
EMP1047,,25,Female,Operations,42240,2018-11-10,Peshawar,4.2
EMP1066,,37,Female,Finance,138885,2016-05-15,Peshawar,4.0
EMP1055,Adeel Taylor,21,Female,R&D,30772,2020-05-25,,4.4
EMP1096,Emma Qureshi,26,Female,Sales,124692,2017-07-28,Karachi,1.3
EMP1012,Ahmed Butt,47,Male,Support,80019,2024-08-17,Multan,4.9
EMP1068,David Brown,37,Female,,,2018-02-08,Faisalabad,3.0
EMP1086,Aisha Chaudhry,,Male,R&D,41542,2020-05-11,Lahore,4.9
EMP1098,Chris Baig,54,Male,IT,,2025-11-10,,4.0
EMP1109,Usman Ahmed,29,,,140853,2023-06-03,Faisalabad,1.1
EMP1083,Laura Iqbal,21,Male,,118381,2024-10-01,Multan,3.3
EMP1049,Bilal Baig,45,,HR,115990,2015-02-25,Faisalabad,1.9
EMP1119,Rabia Sheikh,57,Female,Sales,52838,2019-01-05,,3.1
EMP1103,Kevin Hussain,60,Female,Marketing,89878,2019-04-13,Rawalpindi,1.4
EMP1108,Ahmed Anderson,43,Female,HR,63681,2022-05-24,Quetta,4.2
EMP1091,Mariam Baig,,Female,HR,80277,2018-10-17,Karachi,4.5
EMP1077,Bilal Qureshi,48,Female,Support,70026,2024-10-02,,4.8
EMP1017,Mariam Anderson,30,Female,Support,57760,2023-12-23,,3.9
EMP1051,Ayesha Siddiqui,40,Female,Support,138864,2023-08-06,Rawalpindi,2.8
EMP1106,Michael Siddiqui,36,Male,IT,148410,2025-11-02,Multan,4.2
EMP1090,James Ali,49,Male,,95323,2019-09-23,Multan,2.7
EMP1084,Adeel Butt,,Female,Marketing,53788,2024-07-21,Rawalpindi,4.9
EMP1040,Usman Johnson,39,Male,Finance,33101,2025-04-13,Quetta,2.1
EMP1045,Nadia Chaudhry,31,,Support,101819,2015-05-10,Peshawar,2.7
EMP1019,Emily Taylor,34,,IT,,2025-01-08,Lahore,4.6
EMP1112,Aisha Rehman,27,Male,Sales,34877,2019-08-04,Lahore,1.9
EMP1075,David Baig,27,Male,Support,94454,2016-10-21,Islamabad,1.6
EMP1011,Hina Taylor,,Female,Finance,48131,2023-08-03,,4.4
EMP1102,Usman Iqbal,,Female,Marketing,118815,2023-03-03,Rawalpindi,4.8
EMP1020,Emma Brown,24,Male,Marketing,117684,2022-04-18,Karachi,3.9
EMP1078,Michael Raza,36,,HR,61439,2017-09-03,Karachi,1.0
EMP1085,Mariam Johnson,46,Female,Operations,117835,,Faisalabad,3.8
EMP1110,Ayesha Ali,49,Female,Marketing,106619,2021-11-12,Lahore,3.7
EMP1093,Usman Anderson,50,Female,Operations,102340,2023-07-15,Quetta,4.5
EMP1033,Sana Anderson,29,Female,Marketing,109276,2018-12-11,Peshawar,3.7
EMP1037,Zainab Smith,42,Male,Finance,117416,2016-06-25,Faisalabad,4.9
EMP1050,Rabia Farooq,49,Male,Finance,141193,,,3.7
EMP1087,Bilal Farooq,20,Female,Support,37104,2018-09-12,Rawalpindi,3.5
EMP1072,Sana Baig,,Female,IT,139134,2018-05-08,Quetta,1.7
EMP1013,Emma Khan,27,Female,Operations,44621,2019-07-06,Rawalpindi,1.0
EMP1083,Laura Iqbal,21,Male,,118381,2024-10-01,Multan,3.3
EMP1009,James Smith,34,Male,,,2019-02-07,Quetta,1.9
EMP1043,,20,Male,Operations,,2016-11-11,Quetta,3.7
